,Sklearn_Exp1,R_RF_Exp1,R_Ranger_Exp1,Sklearn_Exp2,R_RF_Exp2,R_Ranger_Exp2,Sklearn_Exp3,R_RF_Exp3,R_Ranger_Exp3,Sklearn_Exp4,R_RF_Exp4,R_Ranger_Exp4
bathrooms,0.025445,312.454093,-22.624713,0.021829,263.177332,100.968896,0.014436,246.185409,14.11939,0.019391,251.14185,108.572531
bedrooms,0.091422,1068.596566,193.148442,0.079107,962.718599,366.298266,0.103242,1102.009367,688.403294,0.103912,1089.243212,552.239784
latitude,0.268586,3308.084764,273.967717,0.149946,2707.931188,270.743794,0.25887,4239.063905,425.648541,0.202312,3627.841446,377.600016
longitude,0.261944,3265.348021,279.73021,0.147192,2685.772873,287.020961,0.255876,4282.980349,478.296625,0.196622,3561.799364,385.427723
price,0.352603,4576.304524,1326.071256,0.257526,4115.752258,1307.309544,0.093155,1368.839089,281.974812,0.312127,4714.855124,1549.393137
price1,,,,,,,0.091246,1374.331175,277.478244,,,
price2,,,,,,,0.090654,1374.54782,280.29474,,,
price3,,,,,,,0.09252,1382.155671,266.003533,,,
random,,,,,,,,,,0.165635,4295.481297,4.68856
random_binary,,,,0.016663,321.53323,-0.322946,,,,,,
random_int,,,,0.099278,2115.247837,3.112351,,,,,,
random_normal,,,,0.115439,2424.547623,-5.457563,,,,,,
random_uniform,,,,0.113021,2388.374673,-2.364329,,,,,,
